Model,MAE,RMSE,R-squared,MSE
Decision Tree,0.001367107,0.001806463,0.968863196,3.26E-06
Random Forest,0.000528428,0.000809317,0.993750383,6.55E-07
