Max Sharpe Ratio,Min Risk
0.3930428914901583,0.3573426445299579
0.2541029388674073,0.24125435815841142
1.5460329676457747,1.4803930442159268
